{"train_ce": [0.09423337540278832, 0.025712402984499932, 0.0200766665302217, 0.017689472287893294, 0.01652875242754817, 0.015475410812844833, 0.01420685854740441, 0.013721672066797813, 0.012999281492084265, 0.013012536345049739, 0.012277741425981124, 0.011823900279899439, 0.011314123384654522, 0.011261522270118196, 0.010572757724051675, 0.01019457352347672, 0.009647730973859629, 0.009469106914475561, 0.009172249486049016, 0.009221893527234595, 0.009085444615532954, 0.008926225568478306, 0.00878424151490132], "val_ce": [0.060963991579118665, 0.06534900688208066, 0.04894217341155796, 0.04578278819610784, 0.051593805653053326, 0.05067010805174545, 0.05681252135680272, 0.04957689525006891, 0.04888172480431232, 0.057093040219375064, 0.04883253042187009, 0.04695387962427768, 0.047073748822395615, 0.05496507367262474, 0.05421931272024637, 0.051074648378314554, 0.054939046911485906, 0.05466374386470396, 0.05277012968128854, 0.053808548457019933, 0.05471907015685197, 0.05382332304021814, 0.055054135129346954], "train_dice": [0.9673659682273865, 0.962214241027832, 0.9607288893063863, 0.9600643567244211, 0.9597753453254699, 0.9597288648287455, 0.9593941215674082, 0.9591176227728526, 0.9590128763516744, 0.9591271571318308, 0.9588457775115967, 0.9586285006999969, 0.9585277819633484, 0.9585552787780762, 0.9582704377174377, 0.958240731159846, 0.958216149409612, 0.9580403105417887, 0.9581370095411936, 0.958115355571111, 0.9579939277966817, 0.9581475134690602, 0.9581033869584401], "val_dice": [0.9545144550092928, 0.9498547105998784, 0.9506939276234134, 0.9492935230443765, 0.9530476312060933, 0.9520151510343446, 0.9536568640352605, 0.9516802842800434, 0.9504597547290089, 0.9537345662221803, 0.9526474181112352, 0.9509645621855181, 0.9515349229613503, 0.9524629030908857, 0.9510551619005727, 0.9511234989533057, 0.951617167546199, 0.9514594274562794, 0.9511306298958077, 0.9512598789655246, 0.9514847076856173, 0.9508780051063705, 0.9508218732508984], "train_loss": [1.0615993428230286, 0.9879266421000162, 0.9808055563767751, 0.977753830353419, 0.9763040987650553, 0.9752042774359385, 0.9736009816328685, 0.9728392946720124, 0.972012159427007, 0.9721396911144257, 0.9711235173543294, 0.9704524004459381, 0.9698419026533762, 0.9698168027400971, 0.9688431958357493, 0.9684353041648864, 0.9678638803958893, 0.967509419520696, 0.9673092619578043, 0.9673372503121694, 0.9670793728033702, 0.9670737389723459, 0.9668876274426779], "val_loss": [1.0154784472434075, 1.015203716990712, 0.9996360933387672, 0.9950763144335903, 1.0046414320285504, 1.0026852534367487, 1.0104693934157654, 1.0012571811676025, 0.9993414800245684, 1.0108276094709123, 1.001479949269976, 0.997918440745427, 0.9986086651519105, 1.0074279727516593, 1.0052744713458386, 1.002198148559738, 1.0065562148670575, 1.0061231707478617, 1.0039007506527744, 1.0050684357737447, 1.0062037745674888, 1.0047013261816005, 1.0058760066608807], "train_dice_per_channel": [[0.9673661589622498], [0.9622143507003784], [0.9607288837432861], [0.9600644707679749], [0.9597755670547485], [0.959729015827179], [0.959394097328186], [0.9591175317764282], [0.9590129852294922], [0.959126889705658], [0.958845853805542], [0.9586286544799805], [0.9585278034210205], [0.9585554003715515], [0.9582703709602356], [0.9582406878471375], [0.9582159519195557], [0.9580403566360474], [0.9581369757652283], [0.9581152200698853], [0.9579941630363464], [0.9581474661827087], [0.9581034183502197]], "val_dice_per_channel": [[0.9545143246650696], [0.9498546719551086], [0.9506939053535461], [0.9492934346199036], [0.9530476927757263], [0.9520151615142822], [0.953656792640686], [0.9516803026199341], [0.9504597187042236], [0.9537345767021179], [0.9526472687721252], [0.9509643912315369], [0.9515349268913269], [0.952462911605835], [0.951055109500885], [0.9511234164237976], [0.9516171216964722], [0.9514594674110413], [0.9511306285858154], [0.951259970664978], [0.9514848589897156], [0.9508780837059021], [0.9508218169212341]], "lr": [0.0001, 0.0001, 0.0001, 0.0001, 0.0001, 0.0001, 0.0001, 0.0001, 0.0001, 0.0001, 0.0001, 0.0001, 0.0001, 0.0001, 0.0001, 1e-05, 1e-05, 1e-05, 1e-05, 1e-05, 1e-05, 1e-05, 1e-05]}